gvkey,iid,datadate,tic,prccd,prchd,prcld,prcod
028838,90,2006-01-03,CS,53.35000000,53.50000000,52.22000000,52.49000000
028838,90,2006-01-04,CS,54.59000000,54.65000000,53.99000000,54.08000000
028838,90,2006-01-05,CS,54.65000000,54.68000000,54.33000000,54.51000000
028838,90,2006-01-06,CS,55.81000000,55.87000000,55.15000000,55.37000000
028838,90,2006-01-09,CS,55.88000000,55.90000000,55.51000000,55.73000000
028838,90,2006-01-10,CS,55.38000000,55.42000000,54.93000000,54.99000000
028838,90,2006-01-11,CS,57.00000000,57.19000000,56.09000000,56.11000000
028838,90,2006-01-12,CS,56.69000000,57.10000000,56.56000000,56.81000000
028838,90,2006-01-13,CS,56.79000000,56.83000000,56.09000000,56.28000000
028838,90,2006-01-17,CS,56.24000000,56.26000000,55.89000000,55.99000000
028838,90,2006-01-18,CS,55.53000000,55.90000000,55.07010000,55.81000000
028838,90,2006-01-19,CS,57.34000000,57.50000000,56.36000000,56.38000000
028838,90,2006-01-20,CS,56.10000000,56.89000000,55.98000000,56.89000000
028838,90,2006-01-23,CS,57.25000000,57.58000000,56.67000000,56.67000000
028838,90,2006-01-24,CS,57.12000000,57.32000000,56.69000000,56.80000000
028838,90,2006-01-25,CS,57.30000000,57.45000000,57.08000000,57.31000000
028838,90,2006-01-26,CS,58.45000000,58.56000000,57.74000000,57.79000000
028838,90,2006-01-27,CS,57.74000000,58.34000000,57.48000000,57.96000000
028838,90,2006-01-30,CS,58.25000000,58.29000000,57.79000000,57.96000000
028838,90,2006-01-31,CS,58.52000000,58.73000000,57.89000000,57.94000000
028838,90,2006-02-01,CS,59.30000000,59.44000000,58.72100000,58.73000000
028838,90,2006-02-02,CS,59.51000000,60.46000000,59.17000000,60.02000000
028838,90,2006-02-03,CS,58.87000000,59.25000000,58.22000000,58.23000000
028838,90,2006-02-06,CS,60.18000000,60.43000000,59.95000000,60.02000000
028838,90,2006-02-07,CS,59.41000000,59.75000000,59.35000000,59.52000000
028838,90,2006-02-08,CS,60.16000000,60.23000000,59.17000000,59.42000000
028838,90,2006-02-09,CS,59.76000000,60.28000000,59.68000000,59.79000000
028838,90,2006-02-10,CS,59.95000000,60.35000000,59.60000000,60.23000000
028838,90,2006-02-13,CS,59.86000000,60.12000000,59.32000000,59.32000000
028838,90,2006-02-14,CS,60.05000000,60.36000000,59.19000000,59.25000000
028838,90,2006-02-15,CS,55.10000000,55.47000000,54.77000000,55.10000000
028838,90,2006-02-16,CS,56.15000000,56.15000000,55.16000000,55.17000000
028838,90,2006-02-17,CS,55.52000000,55.56000000,55.20000000,55.29000000
028838,90,2006-02-21,CS,56.50000000,56.65000000,56.20000000,56.41000000
028838,90,2006-02-22,CS,56.70000000,56.85000000,56.06000000,56.20000000
028838,90,2006-02-23,CS,56.50000000,56.92000000,56.47000000,56.88000000
028838,90,2006-02-24,CS,55.93000000,56.14000000,55.61000000,56.06000000
028838,90,2006-02-27,CS,55.87000000,55.99000000,55.33000000,55.61000000
028838,90,2006-02-28,CS,55.30000000,55.58000000,55.19000000,55.36000000
028838,90,2006-03-01,CS,56.30000000,56.58000000,56.02000000,56.58000000
028838,90,2006-03-02,CS,56.25000000,56.33000000,55.86000000,55.97000000
028838,90,2006-03-03,CS,56.87000000,57.04000000,56.46000000,56.55000000
028838,90,2006-03-06,CS,56.42000000,56.86000000,56.13000000,56.79000000
028838,90,2006-03-07,CS,55.22000000,55.39000000,54.94000000,55.06000000
028838,90,2006-03-08,CS,54.55000000,54.82000000,54.07000000,54.40000000
028838,90,2006-03-09,CS,53.51000000,53.95000000,53.42000000,53.79000000
028838,90,2006-03-10,CS,54.62000000,54.71000000,53.23000000,53.38000000
028838,90,2006-03-13,CS,55.36000000,55.77000000,55.08000000,55.55000000
028838,90,2006-03-14,CS,56.96000000,57.11000000,56.35000000,56.35000000
028838,90,2006-03-15,CS,56.94000000,57.05000000,56.56000000,57.00000000
028838,90,2006-03-16,CS,57.10000000,57.33000000,56.77000000,56.77000000
028838,90,2006-03-17,CS,57.00000000,57.05000000,56.65000000,56.79000000
028838,90,2006-03-20,CS,57.25000000,57.42000000,57.09000000,57.30000000
028838,90,2006-03-21,CS,56.18000000,56.75000000,56.07000000,56.63000000
028838,90,2006-03-22,CS,56.04000000,56.23000000,55.93000000,56.01000000
028838,90,2006-03-23,CS,54.91000000,55.68000000,54.68000000,55.68000000
028838,90,2006-03-24,CS,54.80000000,55.00000000,54.35000000,54.44000000
028838,90,2006-03-27,CS,54.55000000,54.79000000,54.32000000,54.55000000
028838,90,2006-03-28,CS,54.41000000,55.18000000,54.31000000,54.97000000
028838,90,2006-03-29,CS,55.19000000,55.38000000,54.55000000,54.75000000
028838,90,2006-03-30,CS,55.69000000,56.14000000,55.43000000,55.62000000
028838,90,2006-03-31,CS,55.86000000,56.09000000,55.32000000,55.72000000
028838,90,2006-04-03,CS,56.38000000,56.75000000,55.81000000,55.93000000
028838,90,2006-04-04,CS,57.40000000,57.42000000,56.89000000,56.89000000
028838,90,2006-04-05,CS,58.56000000,58.65000000,58.17000000,58.26000000
028838,90,2006-04-06,CS,58.81000000,58.86000000,58.44000000,58.70000000
028838,90,2006-04-07,CS,57.75000000,58.59000000,57.48000000,58.50000000
028838,90,2006-04-10,CS,57.41000000,57.58000000,57.23000000,57.40000000
028838,90,2006-04-11,CS,56.38000000,56.84000000,56.26000000,56.83000000
028838,90,2006-04-12,CS,56.38000000,56.58000000,56.17000000,56.24000000
028838,90,2006-04-13,CS,56.20000000,56.31000000,55.95000000,56.13000000
028838,90,2006-04-17,CS,56.67000000,57.01000000,56.39000000,56.39000000
028838,90,2006-04-18,CS,58.00000000,58.00000000,57.18000000,57.46000000
028838,90,2006-04-19,CS,59.40000000,59.44000000,58.65000000,58.65000000
028838,90,2006-04-20,CS,59.43000000,59.47000000,59.15000000,59.22000000
028838,90,2006-04-21,CS,59.75000000,60.00000000,59.43000000,59.70000000
028838,90,2006-04-24,CS,59.91000000,60.00000000,59.37000000,59.66000000
028838,90,2006-04-25,CS,59.72000000,60.05000000,59.37000000,59.87000000
028838,90,2006-04-26,CS,60.27000000,60.48000000,59.54000000,59.55000000
028838,90,2006-04-27,CS,61.50000000,61.53000000,59.65000000,59.76000000
028838,90,2006-04-28,CS,60.79000000,61.48000000,60.60000000,60.90000000
028838,90,2006-05-01,CS,60.39000000,61.70000000,60.28000000,61.09000000
028838,90,2006-05-02,CS,62.73000000,63.07000000,61.94000000,62.00000000
028838,90,2006-05-03,CS,61.11000000,61.80000000,60.75000000,61.80000000
028838,90,2006-05-04,CS,62.20000000,62.40000000,61.59000000,61.65000000
028838,90,2006-05-05,CS,63.68000000,63.86000000,63.00000000,63.33000000
028838,90,2006-05-08,CS,63.55000000,64.07000000,63.33000000,63.99000000
028838,90,2006-05-09,CS,63.85000000,63.86000000,63.31000000,63.33000000
028838,90,2006-05-10,CS,63.88000000,64.17000000,63.42000000,63.52000000
028838,90,2006-05-11,CS,63.51000000,64.34000000,63.45000000,64.25000000
028838,90,2006-05-12,CS,62.45000000,63.39000000,62.32000000,63.12000000
028838,90,2006-05-15,CS,61.61000000,62.02000000,60.96000000,61.55000000
028838,90,2006-05-16,CS,61.33000000,61.65000000,60.90000000,61.53000000
028838,90,2006-05-17,CS,58.35000000,60.16000000,57.96000000,60.05000000
028838,90,2006-05-18,CS,57.88000000,58.78000000,57.86000000,58.30000000
028838,90,2006-05-19,CS,58.60000000,58.72600000,57.70000000,58.18000000
028838,90,2006-05-22,CS,57.19000000,57.46000000,55.95000000,56.95000000
028838,90,2006-05-23,CS,56.48000000,57.12000000,56.47000000,56.68000000
028838,90,2006-05-24,CS,56.31000000,56.49000000,55.51000000,56.34000000
028838,90,2006-05-25,CS,57.38000000,57.47000000,56.60000000,56.65000000
028838,90,2006-05-26,CS,57.15000000,57.20000000,56.53000000,57.16000000
028838,90,2006-05-30,CS,56.45000000,57.39000000,56.45000000,57.27000000
028838,90,2006-05-31,CS,57.85000000,58.20000000,57.41000000,57.65000000
028838,90,2006-06-01,CS,58.44000000,58.56000000,57.65000000,57.80000000
028838,90,2006-06-02,CS,59.15000000,59.52000000,58.87000000,59.33000000
028838,90,2006-06-05,CS,58.13000000,59.04000000,58.01000000,58.90000000
028838,90,2006-06-06,CS,57.35000000,57.42000000,56.71000000,57.14000000
028838,90,2006-06-07,CS,56.33000000,57.00000000,56.05000000,56.27000000
028838,90,2006-06-08,CS,55.10000000,55.15000000,54.04000000,54.84000000
028838,90,2006-06-09,CS,54.16000000,54.60000000,54.10000000,54.41000000
028838,90,2006-06-12,CS,52.84000000,54.40000000,52.83000000,54.40000000
028838,90,2006-06-13,CS,50.07000000,51.25000000,50.06000000,50.52000000
028838,90,2006-06-14,CS,51.77000000,52.56000000,51.10000000,52.25000000
028838,90,2006-06-15,CS,54.09000000,54.24000000,53.39000000,53.62000000
028838,90,2006-06-16,CS,52.94000000,53.28000000,52.68000000,53.04000000
028838,90,2006-06-19,CS,53.03000000,53.71000000,52.81000000,53.67000000
028838,90,2006-06-20,CS,53.54000000,54.06000000,53.20000000,53.36000000
028838,90,2006-06-21,CS,54.20000000,54.55000000,53.74000000,53.74000000
028838,90,2006-06-22,CS,53.85000000,54.09000000,53.49000000,53.79000000
028838,90,2006-06-23,CS,53.46000000,53.78650000,52.96000000,53.00000000
028838,90,2006-06-26,CS,53.78000000,53.80000000,53.17000000,53.33000000
028838,90,2006-06-27,CS,52.36000000,53.27000000,52.29010000,53.27000000
028838,90,2006-06-28,CS,52.82000000,52.94000000,52.38000000,52.70000000
028838,90,2006-06-29,CS,55.09000000,55.18000000,53.63000000,53.92000000
028838,90,2006-06-30,CS,55.99000000,56.07000000,55.70000000,55.89000000
028838,90,2006-07-03,CS,56.60000000,56.71000000,56.13000000,56.29000000
028838,90,2006-07-05,CS,55.67000000,55.87000000,55.10000000,55.53000000
028838,90,2006-07-06,CS,55.67000000,55.97000000,55.51000000,55.71000000
028838,90,2006-07-07,CS,55.24000000,55.95000000,55.19000000,55.79000000
028838,90,2006-07-10,CS,55.35000000,55.60000000,54.81000000,54.89000000
028838,90,2006-07-11,CS,55.52000000,55.58000000,54.50000000,54.72000000
028838,90,2006-07-12,CS,53.98000000,54.81000000,53.91000000,54.81000000
028838,90,2006-07-13,CS,52.71000000,53.30000000,52.66000000,53.28000000
028838,90,2006-07-14,CS,51.77000000,51.90000000,51.35000000,51.88000000
028838,90,2006-07-17,CS,51.20000000,51.44000000,50.63000000,50.69000000
028838,90,2006-07-18,CS,50.34000000,50.63000000,49.65000000,50.50000000
028838,90,2006-07-19,CS,52.20000000,52.37000000,50.25000000,50.30000000
028838,90,2006-07-20,CS,51.83000000,52.30000000,51.72000000,52.25000000
028838,90,2006-07-21,CS,51.11000000,51.45000000,50.98000000,51.45000000
028838,90,2006-07-24,CS,52.74000000,52.88000000,52.00000000,52.21000000
028838,90,2006-07-25,CS,53.00000000,53.55000000,52.66000000,53.33000000
028838,90,2006-07-26,CS,53.86000000,54.07000000,53.26000000,53.56000000
028838,90,2006-07-27,CS,54.34000000,55.31000000,54.10000000,55.21000000
028838,90,2006-07-28,CS,56.09000000,56.60000000,55.62000000,55.64000000
028838,90,2006-07-31,CS,55.90000000,56.24000000,55.71000000,56.01000000
028838,90,2006-08-01,CS,55.26000000,55.90000000,54.79000000,55.90000000
028838,90,2006-08-02,CS,54.25000000,54.54000000,53.98000000,54.15000000
028838,90,2006-08-03,CS,54.10000000,54.25000000,53.46000000,53.56000000
028838,90,2006-08-04,CS,54.33000000,55.19000000,54.06000000,55.08000000
028838,90,2006-08-07,CS,54.32000000,54.48000000,53.96000000,54.45000000
028838,90,2006-08-08,CS,53.80000000,54.37200000,53.56000000,54.26000000
028838,90,2006-08-09,CS,54.14000000,55.17000000,54.03000000,54.70000000
028838,90,2006-08-10,CS,54.42000000,54.56000000,53.68000000,54.00000000
028838,90,2006-08-11,CS,53.50000000,53.81000000,53.26000000,53.52000000
028838,90,2006-08-14,CS,53.54000000,54.23000000,53.54000000,54.00000000
028838,90,2006-08-15,CS,55.03000000,55.06000000,54.55000000,54.93000000
028838,90,2006-08-16,CS,56.05000000,56.12000000,55.66000000,56.02000000
028838,90,2006-08-17,CS,55.99000000,56.37000000,55.76000000,56.31000000
028838,90,2006-08-18,CS,56.18000000,56.18000000,55.52000000,55.96000000
028838,90,2006-08-21,CS,55.72000000,56.40000000,55.64000000,56.38000000
028838,90,2006-08-22,CS,55.37000000,55.67000000,55.14000000,55.24000000
028838,90,2006-08-23,CS,54.92000000,55.19000000,54.51000000,55.11000000
028838,90,2006-08-24,CS,54.94000000,55.50000000,54.65000000,55.47000000
028838,90,2006-08-25,CS,55.03000000,55.30000000,54.84000000,55.12000000
028838,90,2006-08-28,CS,55.55000000,55.70000000,55.15000000,55.23000000
028838,90,2006-08-29,CS,56.02000000,56.27000000,55.43000000,56.27000000
028838,90,2006-08-30,CS,55.95000000,56.24000000,55.64000000,56.19000000
028838,90,2006-08-31,CS,55.90000000,56.03000000,55.54000000,55.88000000
028838,90,2006-09-01,CS,55.96000000,56.11000000,55.67000000,55.82000000
028838,90,2006-09-05,CS,57.07000000,57.16000000,56.49000000,56.78000000
028838,90,2006-09-06,CS,56.18000000,56.31000000,55.95000000,56.06000000
028838,90,2006-09-07,CS,55.54000000,55.94000000,55.09000000,55.23000000
028838,90,2006-09-08,CS,55.66000000,55.69000000,55.29000000,55.46000000
028838,90,2006-09-11,CS,55.23000000,55.33000000,54.86000000,55.31000000
028838,90,2006-09-12,CS,55.98000000,56.00000000,55.40000000,55.70000000
028838,90,2006-09-13,CS,56.15000000,56.22000000,55.71000000,55.83000000
028838,90,2006-09-14,CS,56.22000000,56.37000000,56.07000000,56.15000000
028838,90,2006-09-15,CS,57.56000000,57.85000000,57.25000000,57.62000000
028838,90,2006-09-18,CS,57.93000000,57.98000000,57.40000000,57.45000000
028838,90,2006-09-19,CS,57.71000000,57.96000000,57.34000000,57.78000000
028838,90,2006-09-20,CS,58.63000000,58.84000000,58.40000000,58.50000000
028838,90,2006-09-21,CS,59.26000000,59.45000000,59.02000000,59.37000000
028838,90,2006-09-22,CS,59.15000000,59.57000000,59.14000000,59.57000000
028838,90,2006-09-25,CS,59.27000000,59.44000000,58.32000000,58.80000000
028838,90,2006-09-26,CS,58.95000000,59.09000000,58.36000000,58.48000000
028838,90,2006-09-27,CS,58.40000000,58.51000000,57.98000000,58.12000000
028838,90,2006-09-28,CS,58.24000000,58.32000000,57.80000000,58.00000000
028838,90,2006-09-29,CS,57.95000000,58.14000000,57.69000000,58.14000000
028838,90,2006-10-02,CS,58.05000000,58.44000000,57.81000000,57.85000000
028838,90,2006-10-03,CS,57.95000000,58.27000000,57.39000000,57.43000000
028838,90,2006-10-04,CS,58.75000000,58.82000000,57.96000000,58.05000000
028838,90,2006-10-05,CS,59.74000000,59.75000000,59.18000000,59.34000000
028838,90,2006-10-06,CS,59.83000000,60.06000000,59.65000000,59.89000000
028838,90,2006-10-09,CS,60.01000000,60.08000000,59.74000000,59.80000000
028838,90,2006-10-10,CS,60.40000000,60.49000000,59.90000000,60.09000000
028838,90,2006-10-11,CS,60.45000000,60.83000000,60.20000000,60.28000000
028838,90,2006-10-12,CS,60.91000000,61.09000000,60.04000000,60.10000000
028838,90,2006-10-13,CS,60.39000000,60.57000000,59.92000000,59.99000000
028838,90,2006-10-16,CS,59.98000000,59.98000000,59.39000000,59.66000000
028838,90,2006-10-17,CS,58.58000000,58.66000000,58.18000000,58.55000000
028838,90,2006-10-18,CS,58.93000000,59.15000000,58.63000000,59.00000000
028838,90,2006-10-19,CS,59.44000000,59.63000000,59.10000000,59.20000000
028838,90,2006-10-20,CS,59.52000000,59.60000000,59.25000000,59.48000000
028838,90,2006-10-23,CS,59.95000000,60.00010000,58.96000000,59.02000000
028838,90,2006-10-24,CS,59.96000000,60.21000000,59.44000000,59.54000000
028838,90,2006-10-25,CS,60.16000000,60.28000000,59.83000000,59.99000000
028838,90,2006-10-26,CS,61.19000000,61.20000000,60.57000000,60.86000000
028838,90,2006-10-27,CS,61.16000000,61.35000000,60.79000000,61.14000000
028838,90,2006-10-30,CS,60.94000000,61.11000000,60.69000000,60.94000000
028838,90,2006-10-31,CS,60.48000000,60.57000000,60.07000000,60.15000000
028838,90,2006-11-01,CS,59.65000000,60.50000000,59.65000000,60.38000000
028838,90,2006-11-02,CS,61.87000000,61.99000000,61.54000000,61.59000000
028838,90,2006-11-03,CS,61.71000000,62.26000000,61.68000000,62.22000000
028838,90,2006-11-06,CS,62.94000000,63.13000000,62.62000000,62.68000000
028838,90,2006-11-07,CS,64.29000000,64.69000000,64.10000000,64.22000000
028838,90,2006-11-08,CS,64.62000000,64.82000000,63.90000000,63.90000000
028838,90,2006-11-09,CS,64.35000000,64.74000000,64.25000000,64.43000000
028838,90,2006-11-10,CS,64.54000000,64.80000000,64.34000000,64.53000000
028838,90,2006-11-13,CS,64.61000000,64.88000000,64.48000000,64.65000000
028838,90,2006-11-14,CS,65.42000000,65.46000000,64.56000000,65.36000000
028838,90,2006-11-15,CS,65.38000000,65.61000000,65.02000000,65.02000000
028838,90,2006-11-16,CS,65.40000000,65.49000000,65.12000000,65.20000000
028838,90,2006-11-17,CS,65.03000000,65.17000000,64.51000000,64.68000000
028838,90,2006-11-20,CS,64.90000000,65.20000000,64.80000000,64.95000000
028838,90,2006-11-21,CS,65.82000000,65.92000000,65.62000000,65.71000000
028838,90,2006-11-22,CS,66.29000000,66.51000000,66.11030000,66.33000000
028838,90,2006-11-24,CS,65.88000000,66.38000000,65.68000000,65.81000000
028838,90,2006-11-27,CS,64.51000000,65.73000000,64.50000000,65.62000000
028838,90,2006-11-28,CS,65.02000000,65.12000000,64.43000000,64.58000000
028838,90,2006-11-29,CS,65.98000000,66.39000000,65.66000000,66.30000000
028838,90,2006-11-30,CS,66.17000000,66.47000000,65.95000000,66.11000000
028838,90,2006-12-01,CS,66.57000000,66.98000000,65.97000000,66.84000000
028838,90,2006-12-04,CS,66.95000000,67.01000000,66.50000000,66.67000000
028838,90,2006-12-05,CS,66.97000000,67.23000000,66.81000000,66.90000000
028838,90,2006-12-06,CS,67.20000000,67.67000000,66.96000000,67.10000000
028838,90,2006-12-07,CS,68.21000000,68.62000000,68.15000000,68.46000000
028838,90,2006-12-08,CS,67.59000000,68.42000000,67.54000000,68.24000000
028838,90,2006-12-11,CS,69.26000000,69.35000000,68.30000000,68.34000000
028838,90,2006-12-12,CS,69.00000000,69.08000000,68.60000000,68.92000000
028838,90,2006-12-13,CS,68.71000000,68.87000000,68.44000000,68.86000000
028838,90,2006-12-14,CS,68.85000000,69.02000000,68.41000000,68.45000000
028838,90,2006-12-15,CS,68.82000000,68.97000000,68.55000000,68.93000000
028838,90,2006-12-18,CS,68.65000000,69.04000000,68.60000000,68.90000000
028838,90,2006-12-19,CS,68.86000000,69.05000000,68.46000000,68.50000000
028838,90,2006-12-20,CS,68.52000000,69.26000000,68.52000000,69.06000000
028838,90,2006-12-21,CS,68.88000000,69.05000000,68.63000000,68.86000000
028838,90,2006-12-22,CS,68.95000000,69.15000000,68.38000000,69.08000000
028838,90,2006-12-26,CS,69.64000000,69.95000000,69.22000000,69.60000000
028838,90,2006-12-27,CS,69.77000000,69.82000000,69.27000000,69.30000000
028838,90,2006-12-28,CS,70.00000000,70.29000000,69.75000000,70.17000000
028838,90,2006-12-29,CS,69.85000000,70.05000000,69.40000000,69.50000000
028838,90,2007-01-03,CS,70.11000000,70.81000000,69.88000000,70.60000000
028838,90,2007-01-04,CS,70.04000000,70.18440000,69.37000000,69.71000000
028838,90,2007-01-05,CS,68.77000000,69.00000000,68.48000000,68.94000000
028838,90,2007-01-08,CS,68.30000000,68.54000000,68.00000000,68.47000000
028838,90,2007-01-09,CS,67.78000000,68.17000000,67.51000000,68.10000000
028838,90,2007-01-10,CS,67.49000000,67.54000000,66.69000000,66.84000000
028838,90,2007-01-11,CS,67.85000000,67.98000000,67.17000000,67.18000000
028838,90,2007-01-12,CS,68.32000000,68.42000000,67.97000000,68.25000000
028838,90,2007-01-16,CS,68.80000000,69.37000000,68.65000000,69.33000000
028838,90,2007-01-17,CS,68.86000000,69.24000000,68.44000000,68.54000000
028838,90,2007-01-18,CS,68.67000000,69.08000000,68.48000000,68.90000000
028838,90,2007-01-19,CS,69.03000000,69.23000000,68.53000000,68.73000000
028838,90,2007-01-22,CS,68.97000000,69.78000000,68.80000000,69.77000000
028838,90,2007-01-23,CS,70.43000000,70.72000000,70.00000000,70.17000000
028838,90,2007-01-24,CS,70.95000000,70.96000000,70.37000000,70.49000000
028838,90,2007-01-25,CS,70.42000000,71.35000000,70.29000000,71.30000000
028838,90,2007-01-26,CS,69.87000000,69.95000000,69.33000000,69.83000000
028838,90,2007-01-29,CS,69.71000000,70.22000000,69.59000000,70.00000000
028838,90,2007-01-30,CS,70.68000000,70.70000000,70.23000000,70.27000000
028838,90,2007-01-31,CS,71.08000000,71.25000000,69.75000000,70.02000000
028838,90,2007-02-01,CS,71.34000000,71.45000000,71.02000000,71.22000000
028838,90,2007-02-02,CS,71.24000000,71.36000000,70.70000000,71.01000000
028838,90,2007-02-05,CS,70.60000000,70.70000000,70.02000000,70.14000000
028838,90,2007-02-06,CS,71.19000000,71.41990000,70.67000000,70.70000000
028838,90,2007-02-07,CS,71.73000000,71.98000000,71.34000000,71.41000000
028838,90,2007-02-08,CS,71.07000000,71.25000000,70.37000000,70.42000000
028838,90,2007-02-09,CS,70.32000000,70.95000000,70.04000000,70.65000000
028838,90,2007-02-12,CS,70.07000000,70.22000000,69.63000000,69.88000000
028838,90,2007-02-13,CS,71.08000000,71.09000000,70.65000000,70.83000000
028838,90,2007-02-14,CS,72.03000000,72.20000000,70.70000000,70.70000000
028838,90,2007-02-15,CS,74.47000000,74.63000000,74.03010000,74.57000000
028838,90,2007-02-16,CS,75.91000000,76.02000000,75.00000000,75.19000000
028838,90,2007-02-20,CS,75.79000000,76.01000000,75.16000000,75.64000000
028838,90,2007-02-21,CS,74.50000000,74.84000000,74.17000000,74.67000000
028838,90,2007-02-22,CS,74.60000000,74.70000000,74.01000000,74.05000000
028838,90,2007-02-23,CS,74.61000000,74.79000000,74.20000000,74.37000000
028838,90,2007-02-26,CS,73.46000000,74.45000000,72.87000000,74.38000000
028838,90,2007-02-27,CS,69.83000000,71.68000000,69.01000000,71.49000000
028838,90,2007-02-28,CS,69.26000000,69.62000000,68.73000000,69.40000000
028838,90,2007-03-01,CS,69.71000000,69.98000000,68.76000000,69.07000000
028838,90,2007-03-02,CS,68.51000000,69.49000000,68.48000000,69.31000000
028838,90,2007-03-05,CS,67.83000000,68.93000000,67.71000000,68.23000000
028838,90,2007-03-06,CS,69.52000000,69.70000000,68.50000000,68.60000000
028838,90,2007-03-07,CS,70.33000000,70.90000000,69.76000000,69.85000000
028838,90,2007-03-08,CS,71.36000000,71.60000000,70.74000000,71.02000000
028838,90,2007-03-09,CS,71.41000000,71.58000000,70.84000000,71.04000000
028838,90,2007-03-12,CS,71.58000000,71.79160000,71.13000000,71.35000000
028838,90,2007-03-13,CS,69.20000000,71.16000000,69.16000000,70.89000000
028838,90,2007-03-14,CS,68.90000000,69.10000000,67.55000000,68.47000000
028838,90,2007-03-15,CS,69.44000000,69.56000000,68.91000000,68.99000000
028838,90,2007-03-16,CS,69.47000000,69.98000000,68.05000000,69.58000000
028838,90,2007-03-19,CS,71.05000000,71.25000000,70.46000000,70.57000000
028838,90,2007-03-20,CS,71.75000000,71.89000000,70.68000000,70.81000000
028838,90,2007-03-21,CS,73.84000000,73.96000000,71.76000000,72.21000000
028838,90,2007-03-22,CS,73.95000000,74.48000000,73.83000000,74.12000000
028838,90,2007-03-23,CS,74.72000000,74.83000000,74.23000000,74.39000000
028838,90,2007-03-26,CS,74.03000000,74.05000000,72.96000000,73.96000000
028838,90,2007-03-27,CS,73.21000000,73.62000000,72.74000000,72.82000000
028838,90,2007-03-28,CS,71.81000000,72.43000000,71.80000000,72.25000000
028838,90,2007-03-29,CS,72.32000000,72.37000000,71.67000000,72.15000000
028838,90,2007-03-30,CS,71.83000000,72.23000000,71.68000000,71.98000000
028838,90,2007-04-02,CS,72.22000000,72.33000000,71.40000000,71.87000000
028838,90,2007-04-03,CS,72.61000000,72.70000000,72.02000000,72.19000000
028838,90,2007-04-04,CS,72.17000000,72.44000000,71.77000000,71.84000000
028838,90,2007-04-05,CS,72.30000000,72.34000000,71.75000000,71.98000000
028838,90,2007-04-09,CS,71.84000000,72.45000000,71.79000000,72.45000000
028838,90,2007-04-10,CS,72.98000000,73.15000000,72.58000000,72.63000000
028838,90,2007-04-11,CS,72.40000000,72.99000000,72.27000000,72.95000000
028838,90,2007-04-12,CS,73.10000000,73.14000000,72.12000000,72.32000000
028838,90,2007-04-13,CS,73.52000000,74.02000000,73.02000000,73.83000000
028838,90,2007-04-16,CS,75.31000000,75.85000000,75.20000000,75.74000000
028838,90,2007-04-17,CS,74.60000000,75.16000000,74.07000000,75.16000000
028838,90,2007-04-18,CS,75.01000000,75.35000000,74.54000000,74.61000000
028838,90,2007-04-19,CS,74.38000000,74.74000000,74.06000000,74.25000000
028838,90,2007-04-20,CS,76.23000000,77.00000000,76.07000000,76.84000000
028838,90,2007-04-23,CS,76.34000000,77.02000000,75.98000000,76.00000000
028838,90,2007-04-24,CS,76.96000000,77.13000000,76.57000000,76.99000000
028838,90,2007-04-25,CS,79.03300000,79.12000000,77.85000000,77.96000000
028838,90,2007-04-26,CS,78.61000000,79.03000000,78.45000000,79.03000000
028838,90,2007-04-27,CS,78.59000000,78.85000000,78.00000000,78.35000000
028838,90,2007-04-30,CS,78.50000000,79.28940000,78.46000000,78.59000000
028838,90,2007-05-01,CS,78.45000000,79.00000000,77.92000000,78.93000000
028838,90,2007-05-02,CS,78.79000000,78.89000000,77.20000000,77.20000000
028838,90,2007-05-03,CS,77.58000000,77.68000000,77.08000000,77.68000000
028838,90,2007-05-04,CS,78.15000000,78.37000000,77.63000000,77.71000000
028838,90,2007-05-07,CS,76.14000000,77.03000000,76.00000000,76.20000000
028838,90,2007-05-08,CS,75.86000000,76.00000000,74.98000000,75.32000000
028838,90,2007-05-09,CS,76.62000000,76.74000000,76.14000000,76.46000000
028838,90,2007-05-10,CS,74.83000000,76.23000000,74.82000000,76.23000000
028838,90,2007-05-11,CS,76.84000000,76.90000000,75.30000000,75.30000000
028838,90,2007-05-14,CS,76.32000000,76.81000000,75.94000000,76.63000000
028838,90,2007-05-15,CS,76.05000000,77.00000000,76.00000000,76.34000000
028838,90,2007-05-16,CS,76.11000000,76.27000000,75.26000000,76.01000000
028838,90,2007-05-17,CS,75.51000000,77.72000000,75.42000000,76.29000000
028838,90,2007-05-18,CS,75.79000000,75.90000000,75.26000000,75.42000000
028838,90,2007-05-21,CS,75.10000000,75.86000000,75.05000000,75.74000000
028838,90,2007-05-22,CS,75.17000000,75.61000000,74.94000000,75.33000000
028838,90,2007-05-23,CS,75.68000000,76.44000000,75.64000000,75.98000000
028838,90,2007-05-24,CS,74.58000000,75.73000000,74.39000000,75.55000000
028838,90,2007-05-25,CS,74.66000000,74.90990000,74.42000000,74.70000000
028838,90,2007-05-29,CS,74.60000000,75.26000000,74.42000000,75.17000000
028838,90,2007-05-30,CS,75.07000000,75.21000000,73.71000000,73.82000000
028838,90,2007-05-31,CS,75.93000000,76.41000000,75.93000000,76.13000000
028838,90,2007-06-01,CS,76.60000000,76.87000000,76.14000000,76.19000000
028838,90,2007-06-04,CS,76.64000000,76.79000000,76.26000000,76.30000000
028838,90,2007-06-05,CS,75.65000000,76.32000000,75.35000000,76.21000000
028838,90,2007-06-06,CS,74.66000000,75.13000000,74.34320000,75.06000000
028838,90,2007-06-07,CS,72.30000000,73.88000000,72.29000000,73.56000000
028838,90,2007-06-08,CS,72.22000000,72.26000000,70.00000000,71.56000000
028838,90,2007-06-11,CS,72.60000000,72.88000000,71.90000000,72.32000000
028838,90,2007-06-12,CS,71.12000000,72.43000000,71.08000000,72.26000000
028838,90,2007-06-13,CS,72.35000000,72.48000000,71.50000000,71.97000000
028838,90,2007-06-14,CS,73.35000000,73.50000000,72.61000000,72.80000000
028838,90,2007-06-15,CS,73.77000000,74.25000000,73.75000000,74.19000000
028838,90,2007-06-18,CS,73.73000000,74.54000000,73.67000000,74.50000000
028838,90,2007-06-19,CS,74.22000000,74.39000000,73.87000000,74.04000000
028838,90,2007-06-20,CS,74.04000000,75.53000000,73.78000000,75.47000000
028838,90,2007-06-21,CS,73.53000000,73.54000000,72.86000000,73.33000000
028838,90,2007-06-22,CS,71.55000000,72.92000000,71.30000000,72.83000000
028838,90,2007-06-25,CS,71.80000000,72.81000000,71.58000000,71.88000000
028838,90,2007-06-26,CS,70.97000000,71.64000000,70.82000000,71.51000000
028838,90,2007-06-27,CS,70.88000000,70.97000000,69.44000000,69.56000000
028838,90,2007-06-28,CS,70.58000000,71.12000000,70.33000000,70.44000000
028838,90,2007-06-29,CS,70.96000000,71.49000000,70.42000000,70.94000000
028838,90,2007-07-02,CS,72.18000000,72.52000000,71.91000000,71.96000000
028838,90,2007-07-03,CS,72.78000000,72.78000000,72.41000000,72.62000000
028838,90,2007-07-05,CS,72.34000000,72.54000000,71.94000000,72.31000000
028838,90,2007-07-06,CS,72.90000000,73.04000000,72.31000000,72.34000000
028838,90,2007-07-09,CS,73.16000000,73.72000000,72.99000000,73.60000000
028838,90,2007-07-10,CS,71.95000000,73.11000000,71.92000000,72.77000000
028838,90,2007-07-11,CS,72.67000000,73.11000000,72.14000000,72.25000000
028838,90,2007-07-12,CS,74.13000000,74.23000000,73.17000000,73.20000000
028838,90,2007-07-13,CS,74.00000000,74.60000000,73.79000000,74.29000000
028838,90,2007-07-16,CS,73.88000000,74.65000000,73.78000000,74.41000000
028838,90,2007-07-17,CS,73.76000000,74.73000000,73.38000000,74.48000000
028838,90,2007-07-18,CS,73.11000000,73.75000000,72.22000000,73.35000000
028838,90,2007-07-19,CS,71.96000000,73.02000000,71.80000000,72.76000000
028838,90,2007-07-20,CS,69.97000000,70.82000000,69.75000000,70.64000000
028838,90,2007-07-23,CS,70.10000000,70.61000000,69.35000000,69.72000000
028838,90,2007-07-24,CS,68.27000000,70.27000000,68.05000000,70.24000000
028838,90,2007-07-25,CS,67.17000000,68.30000000,66.30000000,68.25000000
028838,90,2007-07-26,CS,64.21000000,65.66000000,63.71000000,65.10000000
028838,90,2007-07-27,CS,64.10000000,65.47000000,64.01000000,64.82000000
028838,90,2007-07-30,CS,65.47000000,65.75000000,64.66000000,65.08000000
028838,90,2007-07-31,CS,64.54000000,66.68000000,64.38000000,66.42000000
028838,90,2007-08-01,CS,63.54000000,64.63000000,61.90000000,64.54000000
028838,90,2007-08-02,CS,66.73000000,67.99000000,66.43000000,67.57000000
028838,90,2007-08-03,CS,65.66000000,67.74000000,65.37000000,67.58000000
028838,90,2007-08-06,CS,68.44000000,68.65000000,66.30000000,66.56000000
028838,90,2007-08-07,CS,70.25000000,70.58000000,69.06000000,69.56000000
028838,90,2007-08-08,CS,71.40000000,71.96000000,70.69000000,71.22000000
028838,90,2007-08-09,CS,68.70000000,70.06000000,68.50000000,69.25000000
028838,90,2007-08-10,CS,67.75000000,68.34000000,67.01000000,67.68000000
028838,90,2007-08-13,CS,67.82000000,69.86000000,67.61000000,69.86000000
028838,90,2007-08-14,CS,65.68000000,67.57000000,65.49000000,67.55000000
028838,90,2007-08-15,CS,63.40000000,65.01000000,63.28000000,64.19000000
028838,90,2007-08-16,CS,65.30000000,65.40000000,61.88000000,63.52000000
028838,90,2007-08-17,CS,66.99000000,67.40000000,65.39000000,67.00000000
028838,90,2007-08-20,CS,65.80000000,66.07000000,65.00000000,65.92000000
028838,90,2007-08-21,CS,65.94000000,66.84000000,65.18000000,65.18000000
028838,90,2007-08-22,CS,66.59000000,66.74000000,65.83000000,66.26000000
028838,90,2007-08-23,CS,66.20000000,66.38000000,65.67000000,66.38000000
028838,90,2007-08-24,CS,67.21000000,67.21000000,65.98000000,66.10000000
028838,90,2007-08-27,CS,66.60000000,66.92000000,66.29000000,66.41000000
028838,90,2007-08-28,CS,64.48000000,65.75000000,64.36000000,65.72000000
028838,90,2007-08-29,CS,65.93000000,66.05000000,64.70000000,65.15000000
028838,90,2007-08-30,CS,64.65000000,65.42000000,64.19000000,64.21000000
028838,90,2007-08-31,CS,65.64000000,66.42000000,65.29000000,66.15000000
028838,90,2007-09-04,CS,67.35000000,67.58000000,66.39000000,66.39000000
028838,90,2007-09-05,CS,66.22000000,66.53000000,65.60000000,65.94000000
028838,90,2007-09-06,CS,66.00000000,66.29000000,64.93000000,65.40000000
028838,90,2007-09-07,CS,64.76000000,65.20000000,63.93000000,64.29000000
028838,90,2007-09-10,CS,64.38000000,64.96000000,63.63000000,64.44000000
028838,90,2007-09-11,CS,64.91000000,65.09000000,64.31000000,64.42000000
028838,90,2007-09-12,CS,64.95000000,65.27000000,64.33000000,64.36000000
028838,90,2007-09-13,CS,65.40000000,65.77000000,64.98000000,65.25000000
028838,90,2007-09-14,CS,64.41000000,64.52000000,63.62000000,63.70000000
028838,90,2007-09-17,CS,63.80000000,64.04000000,63.39000000,63.90000000
028838,90,2007-09-18,CS,66.37000000,66.60000000,64.05000000,64.78000000
028838,90,2007-09-19,CS,66.78000000,68.08000000,66.63000000,67.87000000
028838,90,2007-09-20,CS,67.12000000,67.85000000,66.72000000,67.36000000
028838,90,2007-09-21,CS,66.39000000,66.75000000,66.10000000,66.60000000
028838,90,2007-09-24,CS,65.95000000,66.27000000,65.70000000,65.96000000
028838,90,2007-09-25,CS,65.97000000,65.97000000,65.06000000,65.20000000
028838,90,2007-09-26,CS,65.53000000,65.73000000,65.05000000,65.28000000
028838,90,2007-09-27,CS,65.97000000,66.03000000,65.48000000,65.69000000
028838,90,2007-09-28,CS,66.33000000,66.69000000,65.50000000,66.07000000
028838,90,2007-10-01,CS,67.99000000,68.18000000,66.67000000,66.75000000
028838,90,2007-10-02,CS,68.98000000,69.01400000,68.55000000,68.84000000
028838,90,2007-10-03,CS,68.96000000,69.67000000,68.82000000,69.61000000
028838,90,2007-10-04,CS,69.43000000,69.64340000,69.10000000,69.46000000
028838,90,2007-10-05,CS,69.61000000,69.88000000,68.93000000,69.08000000
028838,90,2007-10-08,CS,68.95000000,69.08000000,68.69000000,68.95000000
028838,90,2007-10-09,CS,69.24000000,69.24000000,68.13000000,68.18000000
028838,90,2007-10-10,CS,69.20000000,69.58000000,68.87000000,69.48000000
028838,90,2007-10-11,CS,68.68000000,69.49000000,68.55000000,68.86000000
028838,90,2007-10-12,CS,68.88000000,69.06000000,68.30000000,68.50000000
028838,90,2007-10-15,CS,68.10000000,68.70000000,67.79000000,68.58000000
028838,90,2007-10-16,CS,67.20000000,67.65000000,66.93000000,67.37000000
028838,90,2007-10-17,CS,67.38000000,68.00000000,66.81000000,67.92000000
028838,90,2007-10-18,CS,67.80000000,67.92000000,67.13000000,67.15000000
028838,90,2007-10-19,CS,65.80000000,66.77000000,65.65000000,66.75000000
028838,90,2007-10-22,CS,65.89000000,66.06000000,65.21000000,65.46000000
028838,90,2007-10-23,CS,66.06000000,66.22000000,65.64000000,66.06000000
028838,90,2007-10-24,CS,65.81000000,65.86000000,64.70000000,65.18000000
028838,90,2007-10-25,CS,64.40000000,65.29000000,64.34000000,65.27000000
028838,90,2007-10-26,CS,66.15000000,66.21000000,65.30000000,65.83000000
028838,90,2007-10-29,CS,65.94000000,66.30000000,65.51000000,65.98000000
028838,90,2007-10-30,CS,66.40000000,66.68000000,65.90000000,65.90000000
028838,90,2007-10-31,CS,67.70000000,67.94000000,66.59000000,67.47000000
028838,90,2007-11-01,CS,64.30000000,64.85000000,63.65000000,64.70000000
028838,90,2007-11-02,CS,63.01000000,63.52000000,62.02000000,63.52000000
028838,90,2007-11-05,CS,61.75000000,62.04000000,60.99000000,61.05000000
028838,90,2007-11-06,CS,62.65000000,62.70000000,61.64000000,62.51000000
028838,90,2007-11-07,CS,60.25000000,61.93000000,60.13000000,61.64000000
028838,90,2007-11-08,CS,60.97000000,61.20000000,59.16000000,61.15000000
028838,90,2007-11-09,CS,59.55000000,60.53000000,58.60000000,59.20000000
028838,90,2007-11-12,CS,58.76000000,60.20000000,58.76000000,59.42000000
028838,90,2007-11-13,CS,61.70000000,61.78000000,60.18000000,60.18000000
028838,90,2007-11-14,CS,61.02000000,62.35000000,60.91000000,62.30000000
028838,90,2007-11-15,CS,60.25000000,61.08000000,59.71000000,60.68000000
028838,90,2007-11-16,CS,60.28000000,60.58000000,59.31000000,59.83000000
028838,90,2007-11-19,CS,58.33000000,58.84000000,58.05000000,58.70000000
028838,90,2007-11-20,CS,57.41000000,58.30000000,56.09000000,57.67000000
028838,90,2007-11-21,CS,56.59000000,57.24000000,55.89000000,56.52000000
028838,90,2007-11-23,CS,57.17000000,57.90000000,56.85000000,56.85000000
028838,90,2007-11-26,CS,55.93000000,57.15000000,55.90000000,57.00000000
028838,90,2007-11-27,CS,57.94000000,58.20000000,57.16000000,57.82000000
028838,90,2007-11-28,CS,60.52000000,60.73000000,59.04000000,59.12000000
028838,90,2007-11-29,CS,60.28000000,60.45000000,59.85000000,60.11000000
028838,90,2007-11-30,CS,60.32000000,61.98000000,60.10000000,61.65000000
028838,90,2007-12-03,CS,60.23000000,60.57000000,59.75000000,60.17000000
028838,90,2007-12-04,CS,59.85000000,60.30000000,59.53000000,59.67000000
028838,90,2007-12-05,CS,60.49000000,60.90000000,60.04000000,60.76000000
028838,90,2007-12-06,CS,61.65000000,61.67000000,60.60000000,60.85000000
028838,90,2007-12-07,CS,61.90000000,62.59000000,61.69000000,62.20000000
028838,90,2007-12-10,CS,63.63000000,64.10000000,63.19000000,63.80000000
028838,90,2007-12-11,CS,61.76000000,64.10000000,61.53000000,63.38000000
028838,90,2007-12-12,CS,62.89000000,64.31000000,62.12000000,64.16500000
028838,90,2007-12-13,CS,61.68000000,61.68000000,60.63000000,61.19000000
028838,90,2007-12-14,CS,59.97000000,61.13000000,59.87000000,60.11000000
028838,90,2007-12-17,CS,58.77000000,59.53000000,58.69000000,59.01000000
028838,90,2007-12-18,CS,58.77000000,59.62000000,57.99000000,59.53000000
028838,90,2007-12-19,CS,58.17000000,58.95000000,57.78000000,58.76000000
028838,90,2007-12-20,CS,58.64000000,58.88000000,58.17000000,58.66000000
028838,90,2007-12-21,CS,59.43000000,59.47000000,58.81000000,59.05000000
028838,90,2007-12-24,CS,59.79000000,59.99000000,59.14000000,59.14000000
028838,90,2007-12-26,CS,60.04000000,60.13000000,59.63000000,59.92000000
028838,90,2007-12-27,CS,59.60000000,60.34000000,59.47000000,60.04000000
028838,90,2007-12-28,CS,60.17000000,60.42990000,59.78000000,60.32000000
028838,90,2007-12-31,CS,60.10000000,60.50000000,59.32000000,60.00000000
028838,90,2008-01-02,CS,59.68000000,60.60000000,59.20000000,60.09000000
028838,90,2008-01-03,CS,59.76000000,60.13000000,59.16000000,59.36000000
028838,90,2008-01-04,CS,58.62000000,59.38000000,58.50000000,59.25000000
028838,90,2008-01-07,CS,57.34000000,57.65000000,56.86000000,57.60000000
028838,90,2008-01-08,CS,55.23000000,57.57000000,55.21000000,57.04000000
028838,90,2008-01-09,CS,56.96000000,56.96000000,55.42000000,55.95000000
028838,90,2008-01-10,CS,57.65000000,58.24000000,56.15000000,56.48000000
028838,90,2008-01-11,CS,57.00000000,57.79000000,56.60000000,57.01000000
028838,90,2008-01-14,CS,58.32000000,58.50000000,57.83000000,58.31000000
028838,90,2008-01-15,CS,56.80000000,57.45000000,56.65000000,57.28000000
028838,90,2008-01-16,CS,54.39000000,55.33000000,54.00000000,54.58000000
028838,90,2008-01-17,CS,52.30000000,54.41000000,52.14000000,54.32000000
028838,90,2008-01-18,CS,51.57000000,52.60000000,50.68000000,52.09000000
028838,90,2008-01-22,CS,50.55000000,51.06000000,47.56000000,47.59000000
028838,90,2008-01-23,CS,53.04000000,53.20000000,48.92000000,49.12000000
028838,90,2008-01-24,CS,55.26000000,55.50000000,53.98000000,53.98000000
028838,90,2008-01-25,CS,53.95000000,56.68000000,53.68000000,56.30000000
028838,90,2008-01-28,CS,55.42000000,55.49000000,53.67000000,54.35000000
028838,90,2008-01-29,CS,56.04000000,56.17000000,55.30000000,55.90000000
028838,90,2008-01-30,CS,56.97000000,58.70000000,55.75000000,56.43000000
028838,90,2008-01-31,CS,56.77000000,57.30000000,53.61000000,53.67000000
028838,90,2008-02-01,CS,58.33000000,58.40000000,57.05000000,58.15000000
028838,90,2008-02-04,CS,56.24000000,57.20000000,56.24000000,57.20000000
028838,90,2008-02-05,CS,52.80000000,54.40000000,52.63000000,53.88000000
028838,90,2008-02-06,CS,51.80000000,52.82000000,51.33000000,51.72000000
028838,90,2008-02-07,CS,52.18000000,52.44000000,51.07000000,51.59000000
028838,90,2008-02-08,CS,51.72000000,52.05000000,51.10000000,51.13000000
028838,90,2008-02-11,CS,50.83000000,52.29000000,50.63000000,52.24000000
028838,90,2008-02-12,CS,51.56000000,52.32000000,50.65000000,50.97000000
028838,90,2008-02-13,CS,52.17000000,52.73000000,51.16000000,52.57000000
028838,90,2008-02-14,CS,50.80000000,51.94000000,50.80000000,51.59000000
028838,90,2008-02-15,CS,50.88000000,50.95000000,50.09000000,50.24000000
028838,90,2008-02-19,CS,48.22000000,49.05000000,47.81000000,48.52000000
028838,90,2008-02-20,CS,49.28000000,49.62000000,47.77000000,47.89000000
028838,90,2008-02-21,CS,47.72000000,48.38000000,47.60000000,48.11000000
028838,90,2008-02-22,CS,48.46000000,48.53000000,47.23000000,48.00000000
028838,90,2008-02-25,CS,49.27000000,49.42000000,47.89000000,48.49000000
028838,90,2008-02-26,CS,50.54000000,50.69000000,49.42000000,49.70000000
028838,90,2008-02-27,CS,51.10000000,51.74000000,50.36000000,50.53000000
028838,90,2008-02-28,CS,50.82000000,51.29000000,50.34000000,50.51000000
028838,90,2008-02-29,CS,48.92000000,49.96000000,48.72000000,49.45000000
028838,90,2008-03-03,CS,49.55000000,49.97000000,48.89000000,49.87000000
028838,90,2008-03-04,CS,49.34000000,49.54000000,48.51000000,49.10000000
028838,90,2008-03-05,CS,48.68000000,49.53000000,48.14000000,49.36000000
028838,90,2008-03-06,CS,47.72000000,48.33000000,47.66000000,48.12000000
028838,90,2008-03-07,CS,47.84000000,48.83000000,47.28000000,47.85000000
028838,90,2008-03-10,CS,46.55000000,47.63000000,46.49000000,47.48000000
028838,90,2008-03-11,CS,50.12000000,50.20000000,48.13000000,49.33000000
028838,90,2008-03-12,CS,51.19000000,52.11000000,51.04000000,51.99000000
028838,90,2008-03-13,CS,50.85000000,51.32000000,49.30000000,49.85000000
028838,90,2008-03-14,CS,48.79000000,51.26000000,48.20000000,51.26000000
028838,90,2008-03-17,CS,46.22000000,47.36000000,44.17560000,45.86000000
028838,90,2008-03-18,CS,51.62000000,51.66000000,48.77000000,48.77000000
028838,90,2008-03-19,CS,49.85000000,52.97000000,49.85000000,52.61000000
028838,90,2008-03-20,CS,49.48000000,49.73000000,46.00000000,46.08000000
028838,90,2008-03-24,CS,50.82000000,52.00000000,49.22000000,49.22000000
028838,90,2008-03-25,CS,51.27000000,51.59340000,50.42000000,50.90000000
028838,90,2008-03-26,CS,50.89000000,51.18000000,50.06000000,51.05000000
028838,90,2008-03-27,CS,50.30000000,51.91000000,50.19000000,51.91000000
028838,90,2008-03-28,CS,50.09000000,51.12000000,49.80000000,50.75000000
028838,90,2008-03-31,CS,50.88000000,51.54000000,50.22000000,50.29000000
028838,90,2008-04-01,CS,55.04000000,55.09000000,53.31000000,53.80000000
028838,90,2008-04-02,CS,56.55000000,57.56200000,56.10000000,57.21000000
028838,90,2008-04-03,CS,56.07000000,56.14000000,54.85000000,55.04000000
028838,90,2008-04-04,CS,56.03000000,56.56000000,55.62000000,56.34000000
028838,90,2008-04-07,CS,57.03000000,57.72000000,56.85000000,57.72000000
028838,90,2008-04-08,CS,56.59000000,57.13000000,56.25000000,56.95000000
028838,90,2008-04-09,CS,54.94000000,56.15000000,54.91000000,56.15000000
028838,90,2008-04-10,CS,53.83000000,54.94000000,53.56000000,54.65000000
028838,90,2008-04-11,CS,53.65000000,54.67000000,53.53000000,53.78000000
028838,90,2008-04-14,CS,51.91000000,52.59000000,51.90000000,52.39000000
028838,90,2008-04-15,CS,52.11000000,52.78000000,51.78000000,52.02000000
028838,90,2008-04-16,CS,53.42000000,53.52000000,52.67000000,52.75000000
028838,90,2008-04-17,CS,52.91000000,53.17000000,51.93000000,52.25000000
028838,90,2008-04-18,CS,53.45000000,53.76000000,53.10000000,53.53000000
028838,90,2008-04-21,CS,53.76000000,53.83000000,52.93000000,53.42000000
028838,90,2008-04-22,CS,52.86000000,53.15000000,52.50000000,52.69000000
028838,90,2008-04-23,CS,51.61000000,51.94000000,50.89000000,51.21000000
028838,90,2008-04-24,CS,54.06000000,54.37000000,52.58000000,52.80000000
028838,90,2008-04-25,CS,54.91000000,55.30000000,54.17000000,54.97000000
028838,90,2008-04-28,CS,55.91000000,56.48000000,55.56000000,56.20000000
028838,90,2008-04-29,CS,52.89000000,53.35000000,52.67000000,53.18000000
028838,90,2008-04-30,CS,53.35000000,54.13000000,52.63000000,52.84000000
028838,90,2008-05-01,CS,55.11000000,55.24000000,52.63000000,53.88000000
028838,90,2008-05-02,CS,55.49000000,55.86000000,55.04000000,55.76000000
028838,90,2008-05-05,CS,55.27000000,55.58000000,55.02000000,55.32000000
028838,90,2008-05-06,CS,54.56000000,54.87000000,53.94000000,54.17000000
028838,90,2008-05-07,CS,53.73000000,55.12000000,53.57000000,54.71000000
028838,90,2008-05-08,CS,54.13000000,54.64000000,53.44000000,54.20000000
028838,90,2008-05-09,CS,54.17000000,54.26000000,53.48000000,53.82300000
028838,90,2008-05-12,CS,54.51000000,54.75000000,53.74000000,54.17000000
028838,90,2008-05-13,CS,54.21000000,54.77000000,53.98000000,54.43000000
028838,90,2008-05-14,CS,53.77000000,54.35000000,53.77000000,54.13000000
028838,90,2008-05-15,CS,54.85000000,54.92000000,54.09000000,54.21000000
028838,90,2008-05-16,CS,54.32000000,54.51000000,53.97000000,54.23000000
028838,90,2008-05-19,CS,53.79000000,54.35000000,53.68000000,53.88000000
028838,90,2008-05-20,CS,53.61000000,53.99000000,53.18000000,53.83000000
028838,90,2008-05-21,CS,52.10000000,52.99000000,51.95000000,52.79000000
028838,90,2008-05-22,CS,52.20000000,52.70000000,51.56000000,51.60000000
028838,90,2008-05-23,CS,52.29000000,52.51000000,52.01000000,52.40000000
028838,90,2008-05-27,CS,50.97000000,51.09000000,50.50000000,50.53000000
028838,90,2008-05-28,CS,51.16000000,51.24000000,50.48000000,51.12000000
028838,90,2008-05-29,CS,50.71000000,50.93000000,50.21000000,50.23000000
028838,90,2008-05-30,CS,50.89000000,51.16000000,50.49000000,51.02000000
028838,90,2008-06-02,CS,50.32000000,50.76000000,49.94000000,50.33000000
028838,90,2008-06-03,CS,49.20000000,49.91000000,48.92000000,49.59000000
028838,90,2008-06-04,CS,49.03000000,49.94000000,48.78000000,48.87000000
028838,90,2008-06-05,CS,50.58000000,50.65000000,49.64000000,49.84000000
028838,90,2008-06-06,CS,48.99000000,49.62000000,48.88000000,49.45000000
028838,90,2008-06-09,CS,47.86000000,48.58000000,47.39000000,48.20000000
028838,90,2008-06-10,CS,46.98000000,47.47000000,46.84000000,47.05000000
028838,90,2008-06-11,CS,46.62000000,47.29000000,46.25000000,47.20000000
028838,90,2008-06-12,CS,46.63000000,47.65000000,46.29000000,46.92000000
028838,90,2008-06-13,CS,48.28000000,48.35000000,47.42000000,48.00000000
028838,90,2008-06-16,CS,47.99000000,48.31000000,47.43000000,47.67000000
028838,90,2008-06-17,CS,48.19000000,49.00000000,48.04000000,48.91000000
028838,90,2008-06-18,CS,47.84000000,48.14000000,47.13000000,47.39000000
028838,90,2008-06-19,CS,47.00000000,47.11000000,46.24000000,46.71000000
028838,90,2008-06-20,CS,45.83000000,46.49000000,45.63000000,46.30000000
028838,90,2008-06-23,CS,44.82000000,45.65000000,44.78000000,45.61000000
028838,90,2008-06-24,CS,45.24000000,45.60560000,44.47000000,45.07000000
028838,90,2008-06-25,CS,46.65000000,47.28000000,46.55000000,46.75000000
028838,90,2008-06-26,CS,45.25000000,45.85000000,45.12000000,45.32000000
028838,90,2008-06-27,CS,45.18000000,46.36000000,44.59000000,45.75000000
028838,90,2008-06-30,CS,45.31000000,46.14000000,45.28000000,45.51000000
028838,90,2008-07-01,CS,44.62000000,44.78000000,43.32000000,44.47000000
028838,90,2008-07-02,CS,43.37000000,44.75000000,43.15000000,44.75000000
028838,90,2008-07-03,CS,44.12000000,44.57000000,43.92000000,44.39000000
028838,90,2008-07-07,CS,41.66000000,42.62000000,41.17000000,42.21000000
028838,90,2008-07-08,CS,42.31000000,42.50000000,40.56000000,41.41000000
028838,90,2008-07-09,CS,40.85000000,43.55000000,40.53000000,43.55000000
028838,90,2008-07-10,CS,41.98000000,42.31000000,41.30000000,41.61000000
028838,90,2008-07-11,CS,41.31000000,42.00000000,40.43000000,41.14000000
028838,90,2008-07-14,CS,40.12000000,42.00000000,40.07000000,41.77000000
028838,90,2008-07-15,CS,39.12000000,40.77000000,38.68000000,39.33000000
028838,90,2008-07-16,CS,42.03000000,42.05000000,38.43000000,38.47000000
028838,90,2008-07-17,CS,43.69000000,43.80000000,42.36000000,42.90000000
028838,90,2008-07-18,CS,44.43000000,44.98000000,43.93000000,44.96000000
028838,90,2008-07-21,CS,44.83000000,46.27000000,44.54000000,46.03000000
028838,90,2008-07-22,CS,47.08000000,47.19000000,44.00000000,44.05000000
028838,90,2008-07-23,CS,47.97000000,48.42000000,47.07000000,47.38000000
028838,90,2008-07-24,CS,49.11000000,51.07000000,48.71000000,50.87000000
028838,90,2008-07-25,CS,48.85000000,49.29000000,47.68000000,48.68000000
028838,90,2008-07-28,CS,46.65000000,48.48000000,46.43000000,48.25000000
028838,90,2008-07-29,CS,50.16000000,50.16000000,47.39000000,47.41000000
028838,90,2008-07-30,CS,51.04000000,51.09000000,49.79000000,49.98000000
028838,90,2008-07-31,CS,49.88000000,50.79000000,49.64000000,50.11000000
028838,90,2008-08-01,CS,50.04000000,50.47000000,49.12000000,49.53000000
028838,90,2008-08-04,CS,49.85000000,50.49000000,49.28000000,49.86000000
028838,90,2008-08-05,CS,52.99000000,52.99000000,51.06160000,51.47000000
028838,90,2008-08-06,CS,52.62000000,52.75000000,52.08540000,52.40000000
028838,90,2008-08-07,CS,50.78000000,52.16000000,50.26000000,52.08000000
028838,90,2008-08-08,CS,51.59000000,51.99000000,49.95000000,50.00000000
028838,90,2008-08-11,CS,51.20000000,52.04000000,50.73000000,51.26000000
028838,90,2008-08-12,CS,49.50000000,50.78000000,49.04000000,50.78000000
028838,90,2008-08-13,CS,48.00000000,48.65000000,47.25000000,48.25000000
028838,90,2008-08-14,CS,47.00000000,47.61000000,46.66000000,46.87000000
028838,90,2008-08-15,CS,46.94000000,47.60000000,46.40000000,47.39000000
028838,90,2008-08-18,CS,45.85000000,47.08000000,45.33000000,47.01000000
028838,90,2008-08-19,CS,45.46000000,45.78000000,44.91000000,45.47000000
028838,90,2008-08-20,CS,45.51000000,45.63000000,44.46000000,44.80000000
028838,90,2008-08-21,CS,45.19000000,45.52000000,44.94000000,45.19000000
028838,90,2008-08-22,CS,46.03000000,46.03000000,45.23000000,45.82000000
028838,90,2008-08-25,CS,45.08000000,45.96000000,44.89000000,45.75000000
028838,90,2008-08-26,CS,44.83000000,45.12000000,44.28000000,44.73000000
028838,90,2008-08-27,CS,44.91000000,45.02000000,44.17000000,44.27000000
028838,90,2008-08-28,CS,46.70000000,46.70000000,46.08000000,46.61000000
028838,90,2008-08-29,CS,46.38000000,47.03000000,46.16500000,46.90000000
028838,90,2008-09-02,CS,46.88000000,48.23000000,46.38000000,48.07000000
028838,90,2008-09-03,CS,47.29000000,47.37000000,46.50000000,46.87000000
028838,90,2008-09-04,CS,44.93000000,46.90000000,44.85000000,46.52000000
028838,90,2008-09-05,CS,45.67000000,45.79000000,44.13000000,44.56000000
028838,90,2008-09-08,CS,47.70000000,48.16000000,46.38000000,47.90000000
028838,90,2008-09-09,CS,45.81000000,48.80000000,45.80000000,48.24000000
028838,90,2008-09-10,CS,45.76000000,46.93000000,45.56000000,46.90000000
028838,90,2008-09-11,CS,45.80000000,45.91000000,43.50000000,43.68000000
028838,90,2008-09-12,CS,46.39000000,46.72000000,45.33000000,45.77000000
028838,90,2008-09-15,CS,42.76000000,44.71000000,42.10000000,42.13000000
028838,90,2008-09-16,CS,43.86000000,43.94000000,40.75000000,41.00000000
028838,90,2008-09-17,CS,39.68000000,41.92000000,39.52000000,41.29000000
028838,90,2008-09-18,CS,48.27000000,50.00000000,40.46000000,43.51000000
028838,90,2008-09-19,CS,50.17000000,52.08000000,49.32000000,51.49000000
028838,90,2008-09-22,CS,51.30000000,51.86000000,49.61000000,51.78000000
028838,90,2008-09-23,CS,48.93000000,50.42000000,48.71000000,48.99000000
028838,90,2008-09-24,CS,50.72000000,50.73000000,49.71000000,50.53000000
028838,90,2008-09-25,CS,51.93000000,51.99000000,50.65000000,50.70000000
028838,90,2008-09-26,CS,52.15000000,52.74000000,47.32000000,48.48000000
028838,90,2008-09-29,CS,44.86000000,47.93000000,42.27000000,47.93000000
028838,90,2008-09-30,CS,48.28000000,49.07000000,43.84000000,46.16000000
028838,90,2008-10-01,CS,50.00000000,50.00000000,45.46000000,46.00000000
028838,90,2008-10-02,CS,46.10000000,48.34000000,45.84000000,47.66000000
028838,90,2008-10-03,CS,47.00000000,51.23000000,46.93000000,49.94000000
028838,90,2008-10-06,CS,46.33000000,46.97000000,43.59000000,46.97000000
028838,90,2008-10-07,CS,40.97000000,46.86000000,40.86880000,46.86000000
028838,90,2008-10-08,CS,42.80000000,45.40000000,36.61000000,42.07000000
028838,90,2008-10-09,CS,33.85000000,39.17000000,32.81000000,39.04000000
028838,90,2008-10-10,CS,32.00000000,34.48000000,30.01000000,30.44000000
028838,90,2008-10-13,CS,39.50000000,41.00000000,34.94000000,35.08000000
028838,90,2008-10-14,CS,43.58000000,45.61000000,42.55000000,45.19000000
028838,90,2008-10-15,CS,37.59000000,42.99000000,37.30000000,40.78000000
028838,90,2008-10-16,CS,42.50000000,42.50000000,37.08000000,41.57000000
028838,90,2008-10-17,CS,43.40000000,50.55000000,41.22000000,43.00000000
028838,90,2008-10-20,CS,44.85000000,45.07000000,43.12000000,43.40000000
028838,90,2008-10-21,CS,41.37000000,42.98440000,41.12000000,42.78000000
028838,90,2008-10-22,CS,37.37000000,40.44000000,36.14000000,40.07000000
028838,90,2008-10-23,CS,38.18000000,38.60000000,35.17000000,36.07000000
028838,90,2008-10-24,CS,36.84000000,36.94920000,32.68000000,32.68000000
028838,90,2008-10-27,CS,32.10000000,34.10000000,31.77000000,33.24000000
028838,90,2008-10-28,CS,33.69000000,33.87000000,30.31000000,32.45000000
028838,90,2008-10-29,CS,33.55000000,35.81000000,33.53000000,33.60000000
028838,90,2008-10-30,CS,36.79000000,37.80000000,33.56000000,33.56000000
028838,90,2008-10-31,CS,37.40000000,38.42990000,35.65000000,36.32000000
028838,90,2008-11-03,CS,36.90000000,37.01000000,35.75000000,36.40000000
028838,90,2008-11-04,CS,37.92000000,38.00000000,36.15000000,36.15000000
028838,90,2008-11-05,CS,33.50000000,36.13000000,33.50000000,35.76000000
028838,90,2008-11-06,CS,31.75000000,33.55000000,30.93000000,33.13000000
028838,90,2008-11-07,CS,33.44000000,34.49000000,31.45000000,33.23000000
028838,90,2008-11-10,CS,31.75000000,33.19000000,31.12000000,32.91000000
028838,90,2008-11-11,CS,30.10000000,30.66000000,29.38000000,30.15000000
028838,90,2008-11-12,CS,26.10000000,28.66000000,25.83000000,28.66000000
028838,90,2008-11-13,CS,28.38000000,28.58000000,24.75000000,26.63000000
028838,90,2008-11-14,CS,26.95000000,28.42000000,26.84000000,28.38000000
028838,90,2008-11-17,CS,25.26000000,26.72000000,25.26000000,26.25000000
028838,90,2008-11-18,CS,25.55000000,26.13000000,24.67000000,25.90000000
028838,90,2008-11-19,CS,21.52000000,24.91000000,21.52000000,24.91000000
028838,90,2008-11-20,CS,19.01000000,21.37000000,18.90000000,21.34000000
028838,90,2008-11-21,CS,21.00000000,21.48000000,19.27000000,21.28000000
028838,90,2008-11-24,CS,23.92000000,24.54000000,21.53000000,21.91000000
028838,90,2008-11-25,CS,26.87000000,28.95000000,25.79000000,28.95000000
028838,90,2008-11-26,CS,27.11000000,27.61000000,25.33000000,25.68000000
028838,90,2008-11-28,CS,29.61000000,29.61000000,28.21000000,28.30000000
028838,90,2008-12-01,CS,24.66000000,27.10000000,24.53000000,27.10000000
028838,90,2008-12-02,CS,25.48000000,25.57000000,24.18000000,25.01000000
028838,90,2008-12-03,CS,23.45000000,24.79000000,22.20000000,24.79000000
028838,90,2008-12-04,CS,24.76000000,25.71000000,24.10000000,24.10000000
028838,90,2008-12-05,CS,24.79000000,24.99000000,23.36000000,23.80000000
028838,90,2008-12-08,CS,28.11000000,28.25000000,25.44000000,25.44000000
028838,90,2008-12-09,CS,26.85000000,27.92000000,26.65000000,27.15000000
028838,90,2008-12-10,CS,27.28000000,27.81000000,26.64000000,27.57000000
028838,90,2008-12-11,CS,26.42000000,27.53000000,26.20000000,26.62000000
028838,90,2008-12-12,CS,25.44000000,25.69000000,24.68000000,24.68000000
028838,90,2008-12-15,CS,24.28000000,25.33040000,23.68000000,25.17000000
028838,90,2008-12-16,CS,27.00000000,27.15000000,24.01000000,24.07000000
028838,90,2008-12-17,CS,27.25000000,27.95000000,26.36000000,26.95000000
028838,90,2008-12-18,CS,27.42000000,28.16460000,26.82000000,27.51000000
028838,90,2008-12-19,CS,26.41000000,27.53000000,25.56000000,27.53000000
028838,90,2008-12-22,CS,25.02000000,26.06000000,24.72000000,25.88000000
028838,90,2008-12-23,CS,25.26000000,25.90000000,24.74000000,25.49000000
028838,90,2008-12-24,CS,25.69000000,26.00000000,25.36800000,25.40000000
028838,90,2008-12-26,CS,26.49000000,26.88000000,25.31000000,25.58000000
028838,90,2008-12-29,CS,26.72000000,27.05000000,26.29000000,26.55000000
028838,90,2008-12-30,CS,27.52000000,27.73000000,26.19000000,26.73000000
028838,90,2008-12-31,CS,28.26000000,28.26000000,26.70010000,27.50000000
